category,final_weight
AB,0.026579723
R,0.100511815
H,0.072375639
2B,0.026418088
3B,0.006666667
HR,0.073431118
TB,0.093896333
RBI,0.064799676
BA,0.064209392
OBP,0.105841709
SLG,0.114382307
OPS,0.128887533
BB,0.037555556
CS,0.042222222
SB,0.042222222
,
,
,
,
s,